{"ModuleName":"Zitac.AMQP","IsIdentityProvider":null,"ModuleDependencies":[{"ModuleName":"Decisions.ActiveMQ","AutoInstall":true,"Version":null}],"Version":"9.19.0","RequiresLicense":false,"Description":"The AMQP module provides steps for sending and receiving messages using the AMQP protocol. It includes support for connecting to AMQP brokers, sending messages to queues or topics, and receiving messages from queues or topics. The module is designed to work with any AMQP-compliant broker, such as ActibeMQ, RabbitMQ or Apache Qpid.","CompiledOnDate":"2026-02-05T08:56:32.5136104+01:00","CompiledOnServer":"kenny-Legion-5-Pro-16ACH6H","ImagePath":"amqp.png","Installed":false,"InstalledVersion":null,"HideInFeaturesList":null,"IsGithubModule":false,"IsCustomModule":false}