{"ModuleName":"Decisions","IsIdentityProvider":null,"ModuleDependencies":[{"ModuleName":"Decisions.MessageQueues","AutoInstall":true,"Version":null}],"Version":"9.19.0.00001","RequiresLicense":false,"Description":"ActiveMQ is an open-source message broker software that facilitates communication between applications or components by enabling asynchronous messaging. It supports various messaging protocols, queuing, and topics, providing reliable and scalable messaging services for exchanging data between distributed systems.","CompiledOnDate":"2026-01-05T21:35:34.4975884Z","CompiledOnServer":"rack16","ImagePath":"/Content/Images/Modules/modules_logo_active_mq.svg","Installed":false,"InstalledVersion":null,"HideInFeaturesList":null,"IsGithubModule":false,"IsCustomModule":false}